Text,Summary,Rating,Feedback
"The show is inspired from the famous humorous column 'Duniya Ne Undha Chasma' written by the eminent Gujarati writer Mr. Tarak Mehta. This story revolves around daily happenings in ""Gokuldham Co-operative Society"" and covers topical issues which are socially relevant. The show predominantly - revolves around 'Jethalal' who is an uneducated Gujarati businessman. Your 'Taarak Mehta', is his neighbor. 'Jethalal' finds a friend and philosopher in 'Taarak Mehta' and often goes to him for advice whenever he is in trouble. Jethalaal's family includes his simpleton wife 'Daya Ben' and a mischievous son 'Tapu'. Tapu is a menace and a constant source of trouble to all the members of Gokuldham. They have often warned 'Jethalal' to reform 'Tapu' or else be prepared to leave the premises. Lost hopes of being heard by his son push Jethalal' to call his father 'Champaklal' from the village. This was his great idea of leashing some control over the mischievous Tapu. The opposite happens and the grandfather joins hands with the grandson to make life a roller coaster troublesome ride for Jethalal.

",'Jethalal' finds a friend and philosopher in 'Taarak Mehta' and often goes to him for advice whenever he is in trouble. Jethalaal's family includes his simpleton wife 'Daya Ben' and a mischievous son 'Tapu'. They have often warned 'Jethalal' to reform 'Tapu' or else be prepared to leave the premises.,3,jhvjvjhjvh
"The show is inspired from the famous humorous column 'Duniya Ne Undha Chasma' written by the eminent Gujarati writer Mr. Tarak Mehta. This story revolves around daily happenings in ""Gokuldham Co-operative Society"" and covers topical issues which are socially relevant. The show predominantly - revolves around 'Jethalal' who is an uneducated Gujarati businessman. Your 'Taarak Mehta', is his neighbor. 'Jethalal' finds a friend and philosopher in 'Taarak Mehta' and often goes to him for advice whenever he is in trouble. Jethalaal's family includes his simpleton wife 'Daya Ben' and a mischievous son 'Tapu'. Tapu is a menace and a constant source of trouble to all the members of Gokuldham. They have often warned 'Jethalal' to reform 'Tapu' or else be prepared to leave the premises. Lost hopes of being heard by his son push Jethalal' to call his father 'Champaklal' from the village. This was his great idea of leashing some control over the mischievous Tapu. The opposite happens and the grandfather joins hands with the grandson to make life a roller coaster troublesome ride for Jethalal.

"," The show is inspired from the famous humorous column 'Duniya Ne Undha Chasma' written by the eminent Gujarati writer Mr. Tarak Mehta . This story revolves around daily happenings in ""Gokuldham Co-operative Society"" and covers topical issues which are socially relevant .",1,gjhgjvjvhjv
"Climate change is one of the most pressing issues facing the world today. It refers to significant changes in global temperatures and weather patterns over time. The primary cause of climate change is the increase in greenhouse gases such as carbon dioxide and methane, which trap heat in the Earth's atmosphere. Human activities, particularly the burning of fossil fuels like coal, oil, and natural gas, are major contributors to this problem. The effects of climate change include more frequent and severe weather events, such as hurricanes, droughts, and heatwaves. Additionally, rising sea levels caused by melting ice caps and glaciers pose a threat to coastal communities. Addressing climate change requires global cooperation and significant efforts to reduce emissions, transition to renewable energy sources, and implement sustainable practices.","Human activities, particularly the burning of fossil fuels like coal, oil, and natural gas, are major contributors to this problem. The effects of climate change include more frequent and severe weather events, such as hurricanes, droughts, and heatwaves. Addressing climate change requires global cooperation and significant efforts to reduce emissions, transition to renewable energy sources, and implement sustainable practices.",2,"very good
"
fknsvfjsvks skjfvnvjsv sfvnksjvf,fknsvfjsvks skjfvnvjsv sfvnksjvf,1,dkncajd
"Artificial Intelligence (AI) is rapidly transforming the landscape of industries worldwide. From healthcare to finance, and from entertainment to education, AI is driving innovation and efficiency at an unprecedented scale. AI technologies, such as machine learning, natural language processing, and robotics, are enabling machines to perform tasks that traditionally required human intelligence. These tasks include recognizing speech, making decisions, translating languages, and even driving cars.

The impact of AI is not limited to economic sectors; it also raises significant ethical, social, and legal questions. For example, the increasing automation of jobs by AI-driven systems poses a potential threat to employment. While some argue that AI will create new job opportunities, others fear it will lead to widespread unemployment. Moreover, the use of AI in decision-making processes, such as in the justice system or hiring practices, has raised concerns about bias and fairness.

Despite these challenges, the potential benefits of AI are enormous. In healthcare, AI is being used to develop more accurate diagnostic tools, create personalized treatment plans, and even predict disease outbreaks. In finance, AI algorithms are helping to detect fraudulent transactions, optimize investment strategies, and automate customer service. As AI continues to evolve, it will likely bring about even more profound changes, revolutionizing the way we live and work.","AI technologies, such as machine learning, natural language processing, and robotics, are enabling machines to perform tasks that traditionally required human intelligence. In healthcare, AI is being used to develop more accurate diagnostic tools, create personalized treatment plans, and even predict disease outbreaks. In finance, AI algorithms are helping to detect fraudulent transactions, optimize investment strategies, and automate customer service.",4,Good
"Artificial Intelligence (AI) is rapidly transforming the landscape of industries worldwide. From healthcare to finance, and from entertainment to education, AI is driving innovation and efficiency at an unprecedented scale. AI technologies, such as machine learning, natural language processing, and robotics, are enabling machines to perform tasks that traditionally required human intelligence. These tasks include recognizing speech, making decisions, translating languages, and even driving cars.

The impact of AI is not limited to economic sectors; it also raises significant ethical, social, and legal questions. For example, the increasing automation of jobs by AI-driven systems poses a potential threat to employment. While some argue that AI will create new job opportunities, others fear it will lead to widespread unemployment. Moreover, the use of AI in decision-making processes, such as in the justice system or hiring practices, has raised concerns about bias and fairness.

Despite these challenges, the potential benefits of AI are enormous. In healthcare, AI is being used to develop more accurate diagnostic tools, create personalized treatment plans, and even predict disease outbreaks. In finance, AI algorithms are helping to detect fraudulent transactions, optimize investment strategies, and automate customer service. As AI continues to evolve, it will likely bring about even more profound changes, revolutionizing the way we live and work.","AI technologies, such as machine learning, natural language processing, and robotics, are enabling machines to perform tasks that traditionally required human intelligence. In healthcare, AI is being used to develop more accurate diagnostic tools, create personalized treatment plans, and even predict disease outbreaks. In finance, AI algorithms are helping to detect fraudulent transactions, optimize investment strategies, and automate customer service.",4,Very Good
"Artificial Intelligence (AI) is rapidly transforming the landscape of industries worldwide. From healthcare to finance, and from entertainment to education, AI is driving innovation and efficiency at an unprecedented scale. AI technologies, such as machine learning, natural language processing, and robotics, are enabling machines to perform tasks that traditionally required human intelligence. These tasks include recognizing speech, making decisions, translating languages, and even driving cars.

The impact of AI is not limited to economic sectors; it also raises significant ethical, social, and legal questions. For example, the increasing automation of jobs by AI-driven systems poses a potential threat to employment. While some argue that AI will create new job opportunities, others fear it will lead to widespread unemployment. Moreover, the use of AI in decision-making processes, such as in the justice system or hiring practices, has raised concerns about bias and fairness.

Despite these challenges, the potential benefits of AI are enormous. In healthcare, AI is being used to develop more accurate diagnostic tools, create personalized treatment plans, and even predict disease outbreaks. In finance, AI algorithms are helping to detect fraudulent transactions, optimize investment strategies, and automate customer service. As AI continues to evolve, it will likely bring about even more profound changes, revolutionizing the way we live and work."," Artificial Intelligence (AI) is rapidly transforming the landscape of industries worldwide . From healthcare to finance, AI is driving innovation and efficiency at an unprecedented scale . The impact of AI is not limited to economic sectors; it also raises significant ethical, social, and legal questions .",2,excellent
